time,place tortilla on cutting board,scoop peanut butter from the jar with a knife,spread peanut butter on the tortilla,wipe off knife with a paper towel,scoop grape jelly from the jar with a knife,spread grape jelly on the tortilla,roll tortilla into a roll,grab toothpicks,insert toothpicks into the roll,cut the ends of the tortilla,grab string,slide string under the tortilla,slice the wrap into small pieces using a string,place the mini wraps onto the plate
0.2,"[0.06232627108693123, 0.014548346400260925, 0.008637324906885624, 0.42601409554481506, 0.014010375365614891, 0.036652613431215286, 0.26663368940353394, 0.009195925667881966, 0.01565103605389595, 0.03127923980355263, 0.043574266135692596, 0.04173256456851959, 0.0030360056553035975, 0.026708273217082024]"
0.4,"[0.06185488775372505, 0.015252374112606049, 0.008742866106331348, 0.4353950619697571, 0.014300506561994553, 0.03630320355296135, 0.25743478536605835, 0.00994829460978508, 0.01731126382946968, 0.029734158888459206, 0.04286037012934685, 0.04242028668522835, 0.0029110275208950043, 0.02553095668554306]"
0.6,"[0.059007469564676285, 0.015796786174178123, 0.008980581536889076, 0.4281868636608124, 0.015243747271597385, 0.04129057750105858, 0.23274171352386475, 0.009925812482833862, 0.016555773094296455, 0.031764354556798935, 0.04837970435619354, 0.06058394908905029, 0.0026909075677394867, 0.02885178104043007]"
0.8,"[0.05505397543311119, 0.014639018103480339, 0.008546321652829647, 0.4280978739261627, 0.01475120335817337, 0.03991837054491043, 0.2289734035730362, 0.010819349437952042, 0.017952339723706245, 0.03252057358622551, 0.05174260959029198, 0.06404449045658112, 0.0028458130545914173, 0.030094534158706665]"
1.0,"[0.05240387097001076, 0.013410836458206177, 0.008057335391640663, 0.4359591007232666, 0.013933717273175716, 0.038561172783374786, 0.2246672809123993, 0.010745687410235405, 0.01788545586168766, 0.03283410891890526, 0.05211016163229942, 0.06614260375499725, 0.002793296705931425, 0.030495403334498405]"
1.2,"[0.052283115684986115, 0.011425981298089027, 0.007663209922611713, 0.4359286427497864, 0.01421362068504095, 0.03933604434132576, 0.22506633400917053, 0.010910160839557648, 0.01760762929916382, 0.03323441371321678, 0.056158944964408875, 0.06271514296531677, 0.002908390713855624, 0.03054830990731716]"
1.4,"[0.05697491392493248, 0.010772990062832832, 0.00817546620965004, 0.41749119758605957, 0.015114902518689632, 0.043070413172245026, 0.22280974686145782, 0.011681078001856804, 0.01846166141331196, 0.03584503009915352, 0.06014633923768997, 0.06254439055919647, 0.0033612153492867947, 0.03355063870549202]"
1.6,"[0.06077912449836731, 0.009932790882885456, 0.008405938744544983, 0.4115900695323944, 0.015457261353731155, 0.04542921856045723, 0.21608561277389526, 0.011996564455330372, 0.0186497550457716, 0.03764054551720619, 0.062035445123910904, 0.062505804002285, 0.003627775702625513, 0.03586410731077194]"
1.8,"[0.06406402587890625, 0.009546034969389439, 0.008495358750224113, 0.4052492380142212, 0.01616543158888817, 0.047392114996910095, 0.20860980451107025, 0.012921541929244995, 0.019335323944687843, 0.03905213251709938, 0.06663968414068222, 0.061159346252679825, 0.003830186789855361, 0.037539757788181305]"
2.0,"[0.06626719236373901, 0.009209034033119678, 0.008572024293243885, 0.4019848108291626, 0.016629807651042938, 0.048607319593429565, 0.2038033902645111, 0.013380642049014568, 0.019630808383226395, 0.040063150227069855, 0.06899953633546829, 0.05989474430680275, 0.004028736613690853, 0.038928814232349396]"
2.2,"[0.07596173882484436, 0.008255161345005035, 0.008471796289086342, 0.39267268776893616, 0.016641585156321526, 0.05051169916987419, 0.18920980393886566, 0.014262931421399117, 0.019841382279992104, 0.04363633319735527, 0.07472936064004898, 0.059726666659116745, 0.004097129683941603, 0.04198172315955162]"
2.4,"[0.08686286956071854, 0.007301568053662777, 0.008319484069943428, 0.38040247559547424, 0.016519825905561447, 0.052383895963430405, 0.17620137333869934, 0.014907117933034897, 0.019576366990804672, 0.04782280698418617, 0.08088255673646927, 0.059130534529685974, 0.004185289144515991, 0.0455038957297802]"
2.6,"[0.10109802335500717, 0.006058147177100182, 0.00872888695448637, 0.34244468808174133, 0.017569664865732193, 0.057708222419023514, 0.1865123212337494, 0.015973670408129692, 0.0210459902882576, 0.0527040958404541, 0.07985394448041916, 0.05536015331745148, 0.005013687536120415, 0.04992842301726341]"
2.8,"[0.11837730556726456, 0.0051546101458370686, 0.009277373552322388, 0.3035196363925934, 0.01894255168735981, 0.06531208753585815, 0.19237391650676727, 0.016327086836099625, 0.021444963291287422, 0.05759257450699806, 0.0776691809296608, 0.05377163738012314, 0.005710838828235865, 0.05452624335885048]"
3.0,"[0.12565764784812927, 0.004462014883756638, 0.009797577746212482, 0.29740598797798157, 0.018744146451354027, 0.06884732842445374, 0.1840427815914154, 0.018151050433516502, 0.025309588760137558, 0.05824308469891548, 0.0768689289689064, 0.04911726713180542, 0.0059127202257514, 0.057439807802438736]"
3.2,"[0.14449675381183624, 0.004566159099340439, 0.010501791723072529, 0.2675507068634033, 0.018266133964061737, 0.06797618418931961, 0.1929929107427597, 0.018265459686517715, 0.028136134147644043, 0.05873500555753708, 0.0740978941321373, 0.045640986412763596, 0.006237037014216185, 0.06253688782453537]"
3.4,"[0.15780939161777496, 0.004538499750196934, 0.010594464838504791, 0.2505057156085968, 0.01738954894244671, 0.0642402321100235, 0.20598934590816498, 0.017829298973083496, 0.030316410586237907, 0.05707221478223801, 0.07136550545692444, 0.041781384497880936, 0.006126022431999445, 0.0644419714808464]"
3.6,"[0.1635964810848236, 0.004812566097825766, 0.011020492762327194, 0.23925018310546875, 0.018557166680693626, 0.06612609326839447, 0.19715768098831177, 0.020524702966213226, 0.03355837240815163, 0.05310632660984993, 0.08288837224245071, 0.04016411677002907, 0.005681915208697319, 0.06355555355548859]"
3.8,"[0.16900955140590668, 0.004989989101886749, 0.01156269945204258, 0.22911199927330017, 0.0192954633384943, 0.0679258182644844, 0.19039222598075867, 0.022485869005322456, 0.03616727516055107, 0.04940344765782356, 0.09211647510528564, 0.03930412977933884, 0.0052870153449475765, 0.06294795870780945]"
4.0,"[0.18587523698806763, 0.005328566767275333, 0.012165147811174393, 0.22166386246681213, 0.017201874405145645, 0.06401383876800537, 0.2018853724002838, 0.023541228845715523, 0.03933360055088997, 0.04364557936787605, 0.08498480170965195, 0.0328962467610836, 0.00462863314896822, 0.0628359243273735]"
4.2,"[0.18699313700199127, 0.005754196550697088, 0.013025585561990738, 0.21678265929222107, 0.015646906569600105, 0.06081096827983856, 0.22106073796749115, 0.02500157617032528, 0.04380302131175995, 0.037512220442295074, 0.07807418704032898, 0.028409084305167198, 0.0042853811755776405, 0.0628402903676033]"
4.4,"[0.17020203173160553, 0.006785462610423565, 0.013484768569469452, 0.22865022718906403, 0.014923295937478542, 0.05717085301876068, 0.23421944677829742, 0.027114395052194595, 0.05159357190132141, 0.0305529423058033, 0.07733263820409775, 0.025756362825632095, 0.003956322558224201, 0.058257587254047394]"
4.6,"[0.1569930613040924, 0.008010857738554478, 0.013136191293597221, 0.2618749141693115, 0.013273832388222218, 0.04980672523379326, 0.22664248943328857, 0.02897380292415619, 0.05781329795718193, 0.024467620998620987, 0.0810280442237854, 0.022419752553105354, 0.0032456661574542522, 0.05231371149420738]"
4.8,"[0.13650871813297272, 0.009852967225015163, 0.012060074135661125, 0.29336538910865784, 0.01199247781187296, 0.04101673886179924, 0.208150252699852, 0.03480562940239906, 0.0650559514760971, 0.019069943577051163, 0.10193730145692825, 0.01895669288933277, 0.002472507767379284, 0.044755347073078156]"
5.0,"[0.13120456039905548, 0.01217932254076004, 0.01140497624874115, 0.28546610474586487, 0.012054488994181156, 0.03664567694067955, 0.2058599442243576, 0.0389624647796154, 0.0635656863451004, 0.01605718955397606, 0.12741698324680328, 0.017257263883948326, 0.0021391415502876043, 0.03978617116808891]"
5.2,"[0.10466403514146805, 0.012389031238853931, 0.00949147529900074, 0.296165406703949, 0.011409861035645008, 0.029701152816414833, 0.16028420627117157, 0.06438945978879929, 0.07168913632631302, 0.0109242033213377, 0.18369683623313904, 0.01456061564385891, 0.001526655862107873, 0.029107939451932907]"
5.4,"[0.07891801744699478, 0.012002828530967236, 0.007424737326800823, 0.28745192289352417, 0.010278049856424332, 0.022580033168196678, 0.116749607026577, 0.1002117395401001, 0.07613886892795563, 0.006949135567992926, 0.24876143038272858, 0.011563356965780258, 0.0010158789809793234, 0.01995435357093811]"
5.6,"[0.06266892701387405, 0.010375656187534332, 0.005304750055074692, 0.2747882902622223, 0.008317079395055771, 0.014863606542348862, 0.09207585453987122, 0.1369793713092804, 0.07797374576330185, 0.004446874838322401, 0.28782010078430176, 0.009293649345636368, 0.0007558136712759733, 0.014336259104311466]"
5.8,"[0.04718910530209541, 0.008529836311936378, 0.0036112377420067787, 0.25649207830429077, 0.0064377328380942345, 0.009374236688017845, 0.0694177895784378, 0.18080735206604004, 0.07687821984291077, 0.0027341933455318213, 0.320969820022583, 0.007145962677896023, 0.000538595428224653, 0.009873845614492893]"
6.0,"[0.030961191281676292, 0.006893793120980263, 0.0028704898431897163, 0.19509272277355194, 0.005648035556077957, 0.0074915154837071896, 0.04916905611753464, 0.21560882031917572, 0.07882347702980042, 0.0020884473342448473, 0.39177703857421875, 0.006206493824720383, 0.0004453915753401816, 0.0069235400296747684]"
6.2,"[0.019034571945667267, 0.005280034616589546, 0.002140955301001668, 0.14193956553936005, 0.004711449611932039, 0.005594742484390736, 0.03256390988826752, 0.24311292171478271, 0.07581905275583267, 0.0014703123597428203, 0.45846137404441833, 0.00503175426274538, 0.00034066004445776343, 0.004498720169067383]"
6.4,"[0.013473288156092167, 0.004144054837524891, 0.0015670702559873462, 0.09763874113559723, 0.004075337667018175, 0.004090782254934311, 0.02262820117175579, 0.2881917953491211, 0.05930221453309059, 0.0009655204485170543, 0.4975045919418335, 0.003165261121466756, 0.0002599038416519761, 0.00299326004460454]"
6.6,"[0.009069413878023624, 0.0033324966207146645, 0.0010967081179842353, 0.06488781422376633, 0.003356669330969453, 0.002826835960149765, 0.015057304874062538, 0.3301237225532532, 0.04433521255850792, 0.0006053935503587127, 0.5213237404823303, 0.001910398481413722, 0.00018777479999698699, 0.0018865191377699375]"
6.8,"[0.0077563184313476086, 0.0029016626067459583, 0.0010897938627749681, 0.050880543887615204, 0.0030040342826396227, 0.0026085330173373222, 0.013044832274317741, 0.3721877336502075, 0.041556015610694885, 0.0005184739711694419, 0.5011340975761414, 0.001498450874350965, 0.00017049892630893737, 0.0016490311827510595]"
7.0,"[0.0065242331475019455, 0.002491316059604287, 0.001054528052918613, 0.040701963007450104, 0.0026248027570545673, 0.00234252423979342, 0.011227071285247803, 0.41646483540534973, 0.03911711648106575, 0.00043347012251615524, 0.4743107557296753, 0.0011397035559639335, 0.00015004203305579722, 0.0014176740078255534]"
7.2,"[0.007735951337963343, 0.0028225253336131573, 0.0012974857818335295, 0.03707824647426605, 0.00306918122805655, 0.002817367436364293, 0.012150832451879978, 0.4148558974266052, 0.03533264249563217, 0.0005072119529359043, 0.4793291985988617, 0.001168430200777948, 0.00016634668281767517, 0.0016686738235875964]"
7.4,"[0.009112851694226265, 0.003152836114168167, 0.0015948689542710781, 0.03390457481145859, 0.0035410835407674313, 0.0033922570291906595, 0.013200373388826847, 0.41206634044647217, 0.03182359039783478, 0.0005960536072961986, 0.4842659533023834, 0.0011950975749641657, 0.0001857384922914207, 0.001968365628272295]"
7.6,"[0.01049189642071724, 0.003761426080018282, 0.002091108588501811, 0.030491679906845093, 0.00405106833204627, 0.0043226913549005985, 0.014930426143109798, 0.4096943438053131, 0.02924305573105812, 0.0007165667484514415, 0.4866173565387726, 0.0011419040383771062, 0.00019414126290939748, 0.002252210397273302]"
7.8,"[0.012678560800850391, 0.005147961433976889, 0.003198065795004368, 0.0277476217597723, 0.005276071839034557, 0.006120355799794197, 0.018278874456882477, 0.4103606641292572, 0.029556091874837875, 0.0009477268322370946, 0.4763854742050171, 0.0011439330410212278, 0.00023331247211899608, 0.0029253086540848017]"
8.0,"[0.014501540921628475, 0.006142659578472376, 0.0036521898582577705, 0.026232466101646423, 0.006232644896954298, 0.006551045458763838, 0.018829209730029106, 0.42546889185905457, 0.025257697328925133, 0.00093124620616436, 0.4616732597351074, 0.0010449463734403253, 0.00022191919561009854, 0.0032602050341665745]"
8.2,"[0.01666475646197796, 0.007509915623813868, 0.004236792214214802, 0.0246644988656044, 0.00753212533891201, 0.007174069527536631, 0.019630353897809982, 0.439910352230072, 0.021938811987638474, 0.0009352811612188816, 0.4449174404144287, 0.000962373916991055, 0.00021741447562817484, 0.0037057166919112206]"
8.4,"[0.02152816765010357, 0.008856750093400478, 0.005646391771733761, 0.02346457540988922, 0.008418107405304909, 0.0085020512342453, 0.02206914871931076, 0.4338313043117523, 0.020024802535772324, 0.0010455702431499958, 0.44100409746170044, 0.001094316365197301, 0.00022803249885328114, 0.004286700394004583]"
8.6,"[0.029585598036646843, 0.009154238738119602, 0.008351142518222332, 0.023283593356609344, 0.00925874337553978, 0.01186775416135788, 0.026843760162591934, 0.43042808771133423, 0.01991225779056549, 0.001404856680892408, 0.42277929186820984, 0.001373774604871869, 0.00027992078685201705, 0.005476899445056915]"
8.8,"[0.03714996203780174, 0.009221960790455341, 0.009938828647136688, 0.021841226145625114, 0.010125212371349335, 0.014223984442651272, 0.028880594298243523, 0.430656760931015, 0.016980910673737526, 0.001519964192993939, 0.4120064377784729, 0.0014825400430709124, 0.00032001538784243166, 0.00565154105424881]"
9.0,"[0.05515652522444725, 0.009513545781373978, 0.011911400593817234, 0.021648656576871872, 0.01209704577922821, 0.018215173855423927, 0.032827891409397125, 0.4031302034854889, 0.014037497341632843, 0.0017974035581573844, 0.4108824133872986, 0.0017147624166682363, 0.0004073046147823334, 0.006660168059170246]"
9.2,"[0.07625587284564972, 0.009768608026206493, 0.015208044089376926, 0.023308927193284035, 0.013521155342459679, 0.024012697860598564, 0.04097883403301239, 0.37681710720062256, 0.01347671914845705, 0.0022579790093004704, 0.3937256932258606, 0.0019619737286120653, 0.0005701956106349826, 0.008136195130646229]"
9.4,"[0.10388725250959396, 0.009752169251441956, 0.019275952130556107, 0.024970298632979393, 0.014665242284536362, 0.031107068061828613, 0.05046319216489792, 0.348064661026001, 0.012714692391455173, 0.0027884074952453375, 0.3696436285972595, 0.0022201428655534983, 0.0007876612362451851, 0.009659658186137676]"
9.6,"[0.14235341548919678, 0.009695570915937424, 0.024304741993546486, 0.026224283501505852, 0.01595786213874817, 0.040151648223400116, 0.06154833361506462, 0.3108341693878174, 0.01190558634698391, 0.0034559331834316254, 0.3383546471595764, 0.0024844163563102484, 0.0011102826101705432, 0.011619100347161293]"
9.8,"[0.18449163436889648, 0.009583322331309319, 0.028293270617723465, 0.028089364990592003, 0.015942160040140152, 0.047246936708688736, 0.08477053046226501, 0.2592192590236664, 0.010490575805306435, 0.004174919333308935, 0.310157835483551, 0.003015042981132865, 0.0012835770612582564, 0.013241450302302837]"
10.0,"[0.23184067010879517, 0.009097849018871784, 0.03178880736231804, 0.029571644961833954, 0.015369921922683716, 0.05386696383357048, 0.11301355808973312, 0.2092980295419693, 0.008917408995330334, 0.004877110477536917, 0.27292612195014954, 0.003518985351547599, 0.0014395216712728143, 0.014473444782197475]"
10.2,"[0.2869625985622406, 0.008538558147847652, 0.04021895304322243, 0.026631774380803108, 0.015289338305592537, 0.06740443408489227, 0.13301345705986023, 0.16692553460597992, 0.007507702801376581, 0.005482185166329145, 0.21965250372886658, 0.0041568162851035595, 0.0019394262926653028, 0.016276711598038673]"
10.4,"[0.31819093227386475, 0.0077890194952487946, 0.048229094594717026, 0.02457336150109768, 0.015935231000185013, 0.08359814435243607, 0.14937032759189606, 0.1351626068353653, 0.007317029871046543, 0.006532286759465933, 0.1758604496717453, 0.005060270894318819, 0.0025494045112282038, 0.019831856712698936]"
10.6,"[0.3351427912712097, 0.006889332085847855, 0.04931280016899109, 0.023888949304819107, 0.016735056415200233, 0.09453320503234863, 0.15193678438663483, 0.12114410102367401, 0.006903188303112984, 0.007186942733824253, 0.15362165868282318, 0.005775024648755789, 0.0029523165430873632, 0.023977845907211304]"
10.8,"[0.34964266419410706, 0.005984148010611534, 0.05110875144600868, 0.023242661729454994, 0.017279665917158127, 0.10745937377214432, 0.15510377287864685, 0.1059146597981453, 0.006615488324314356, 0.008071353659033775, 0.12996305525302887, 0.006622205954045057, 0.00342739699408412, 0.029564842581748962]"
11.0,"[0.3037574291229248, 0.005736031103879213, 0.059885356575250626, 0.022280797362327576, 0.0181207824498415, 0.12368176132440567, 0.15477851033210754, 0.1116434782743454, 0.007416094187647104, 0.009233475662767887, 0.1340959668159485, 0.0072492738254368305, 0.004102743696421385, 0.03801829740405083]"
11.2,"[0.2604086101055145, 0.005425582639873028, 0.06924232840538025, 0.0210766289383173, 0.018751850351691246, 0.14047300815582275, 0.15241393446922302, 0.11612776666879654, 0.008203782141208649, 0.010423404164612293, 0.13653285801410675, 0.007830898277461529, 0.004846295807510614, 0.048243097960948944]"
11.4,"[0.24372780323028564, 0.005384453572332859, 0.08315273374319077, 0.01842426136136055, 0.021100368350744247, 0.1691214144229889, 0.1627425104379654, 0.09373710304498672, 0.008137403056025505, 0.013130743987858295, 0.10713167488574982, 0.0091010807082057, 0.005975709296762943, 0.05913267657160759]"
11.6,"[0.22248388826847076, 0.0052117109298706055, 0.09739237278699875, 0.015708062797784805, 0.023156840354204178, 0.19858558475971222, 0.16948093473911285, 0.07379557937383652, 0.00787228811532259, 0.016132909804582596, 0.08198647946119308, 0.010316152125597, 0.007186416536569595, 0.07069084048271179]"
11.8,"[0.21208815276622772, 0.005158644635230303, 0.11737827211618423, 0.013667463324964046, 0.02412271313369274, 0.2292272299528122, 0.14684659242630005, 0.06297799944877625, 0.007401870097965002, 0.01869739592075348, 0.06806802749633789, 0.010853949934244156, 0.008841386996209621, 0.0746702328324318]"
12.0,"[0.19959144294261932, 0.0049557918682694435, 0.13881844282150269, 0.011624075472354889, 0.024353353306651115, 0.25937414169311523, 0.12512962520122528, 0.052924126386642456, 0.006847364362329245, 0.021365083754062653, 0.05608733370900154, 0.011220197193324566, 0.010519986040890217, 0.07718909531831741]"
12.2,"[0.1958393007516861, 0.0040758647955954075, 0.1505770981311798, 0.010984965600073338, 0.02094450034201145, 0.26291707158088684, 0.1243782564997673, 0.049576204270124435, 0.006524444557726383, 0.024678731337189674, 0.05172557011246681, 0.011226031929254532, 0.010691359639167786, 0.07586058974266052]"
12.4,"[0.19475048780441284, 0.003897607559338212, 0.15388090908527374, 0.010803337208926678, 0.01986800506711006, 0.2711644470691681, 0.1267455369234085, 0.041534025222063065, 0.006003051996231079, 0.029019011184573174, 0.04847974702715874, 0.011836249381303787, 0.011251132003962994, 0.07076647132635117]"
12.6,"[0.19592027366161346, 0.004535363987088203, 0.1693263053894043, 0.010278075933456421, 0.019474681466817856, 0.2653365731239319, 0.13688477873802185, 0.03284958377480507, 0.005339994095265865, 0.03112933412194252, 0.04449319466948509, 0.012413913384079933, 0.011412201449275017, 0.060605768114328384]"
12.8,"[0.18626798689365387, 0.005877440329641104, 0.19091707468032837, 0.009602634236216545, 0.020687110722064972, 0.25081315636634827, 0.15649376809597015, 0.023947883397340775, 0.004516828805208206, 0.03391696512699127, 0.03890906646847725, 0.012612509541213512, 0.012072565034031868, 0.05336504802107811]"
13.0,"[0.19143207371234894, 0.007133964449167252, 0.20115508139133453, 0.009108477272093296, 0.02114991657435894, 0.2345537394285202, 0.1832786351442337, 0.016555728390812874, 0.003578337375074625, 0.03561782464385033, 0.029098885133862495, 0.01333701517432928, 0.011927134357392788, 0.04207320883870125]"
13.2,"[0.19535544514656067, 0.008246560581028461, 0.22079534828662872, 0.009192639030516148, 0.019535362720489502, 0.2236325442790985, 0.19628600776195526, 0.0116224130615592, 0.002772896084934473, 0.035087525844573975, 0.021780721843242645, 0.01412819605320692, 0.01064848992973566, 0.03091587871313095]"
13.4,"[0.1981896311044693, 0.008989576250314713, 0.23904858529567719, 0.010008027777075768, 0.01736784167587757, 0.2076997607946396, 0.19802695512771606, 0.011568448506295681, 0.002578305546194315, 0.03347283601760864, 0.02300156094133854, 0.014076417312026024, 0.010167109780013561, 0.02580498903989792]"
13.6,"[0.20024310052394867, 0.009759481064975262, 0.2577531039714813, 0.01085120253264904, 0.015377708710730076, 0.1921136975288391, 0.19896666705608368, 0.011467667296528816, 0.0023875737097114325, 0.03180192410945892, 0.02419155091047287, 0.01396750658750534, 0.00966781284660101, 0.021450981497764587]"
13.8,"[0.205187126994133, 0.008748744614422321, 0.2597157955169678, 0.009989745914936066, 0.01404450461268425, 0.19257429242134094, 0.19695141911506653, 0.01036281418055296, 0.0020974907092750072, 0.03167201951146126, 0.024047832936048508, 0.014104079455137253, 0.00955936498939991, 0.020944779738783836]"
14.0,"[0.2063467651605606, 0.008762100711464882, 0.2642117738723755, 0.009287419728934765, 0.01395479217171669, 0.1907569020986557, 0.19305795431137085, 0.009371261112391949, 0.0019627425353974104, 0.033167093992233276, 0.02361306920647621, 0.014535240828990936, 0.010028366930782795, 0.02094448357820511]"
14.2,"[0.2038707435131073, 0.010495763272047043, 0.263464093208313, 0.009272405877709389, 0.016061127185821533, 0.19554203748703003, 0.18464666604995728, 0.00777190737426281, 0.0018053194507956505, 0.036345139145851135, 0.022843025624752045, 0.015475563704967499, 0.010483380407094955, 0.02192278951406479]"
14.4,"[0.1921110898256302, 0.010296753607690334, 0.2878240942955017, 0.00882714707404375, 0.014525205828249454, 0.19885091483592987, 0.16697783768177032, 0.0074914488941431046, 0.0017136475071310997, 0.03882816433906555, 0.0218656025826931, 0.015721289440989494, 0.010732356458902359, 0.024234432727098465]"
14.6,"[0.18020646274089813, 0.010000034235417843, 0.31392934918403625, 0.008032301440834999, 0.013151507824659348, 0.20095668733119965, 0.1482951045036316, 0.006920944899320602, 0.0016408126102760434, 0.04210310056805611, 0.02036546729505062, 0.015856463462114334, 0.011164824478328228, 0.027376946061849594]"
14.8,"[0.18015438318252563, 0.008566336706280708, 0.3113839030265808, 0.007614553906023502, 0.012982993386685848, 0.2205556482076645, 0.1287882775068283, 0.00677189975976944, 0.0015926000196486712, 0.042196065187454224, 0.019019722938537598, 0.016133202239871025, 0.012120075523853302, 0.0321202352643013]"
15.0,"[0.17540018260478973, 0.007154616992920637, 0.30958759784698486, 0.0070609645918011665, 0.012665236368775368, 0.2440943866968155, 0.10980112850666046, 0.006630197633057833, 0.0015296230558305979, 0.04220517724752426, 0.017966710031032562, 0.01638520509004593, 0.012813094072043896, 0.03670589253306389]"
15.2,"[0.17268499732017517, 0.006260276772081852, 0.2923179268836975, 0.006098458077758551, 0.013535857200622559, 0.259743869304657, 0.10324731469154358, 0.006306425668299198, 0.0015060357982292771, 0.044780999422073364, 0.016582051292061806, 0.016406401991844177, 0.015133541077375412, 0.045395903289318085]"
15.4,"[0.16667160391807556, 0.005326735321432352, 0.2906515300273895, 0.005602801684290171, 0.01391252875328064, 0.28053322434425354, 0.09188642352819443, 0.005278445314615965, 0.0013288563350215554, 0.045843031257390976, 0.014260905794799328, 0.016666868701577187, 0.014987649396061897, 0.04704934358596802]"
15.6,"[0.16516581177711487, 0.0044704945757985115, 0.28565293550491333, 0.005148180294781923, 0.014221598394215107, 0.2965053617954254, 0.08338629454374313, 0.0041401581838727, 0.0010636101942509413, 0.047996215522289276, 0.012191717512905598, 0.017512118443846703, 0.014053124003112316, 0.04849238693714142]"
15.8,"[0.16302861273288727, 0.0040162960067391396, 0.28480595350265503, 0.005364461801946163, 0.01467030867934227, 0.30741462111473083, 0.07723565399646759, 0.0036850599572062492, 0.0009564710198901594, 0.050244804471731186, 0.010918785817921162, 0.01781243272125721, 0.013823149725794792, 0.046023380011320114]"
16.0,"[0.15961520373821259, 0.0035879630595445633, 0.28790968656539917, 0.0057916040532290936, 0.014475547708570957, 0.31609582901000977, 0.07428734004497528, 0.0035790586844086647, 0.0008457181393168867, 0.04721328988671303, 0.010175895877182484, 0.017167972400784492, 0.013718766160309315, 0.04553611949086189]"
16.2,"[0.15806110203266144, 0.0031944368965923786, 0.29049116373062134, 0.006248090416193008, 0.014188865199685097, 0.3223894238471985, 0.0724254846572876, 0.003560733748599887, 0.0007669668993912637, 0.04406357929110527, 0.009696696884930134, 0.016558606177568436, 0.013562407344579697, 0.044792450964450836]"
16.4,"[0.1692071557044983, 0.003310227068141103, 0.2773469090461731, 0.006675746291875839, 0.016059016808867455, 0.3189811706542969, 0.07865786552429199, 0.003052183659747243, 0.000706230930518359, 0.04389379918575287, 0.008741842582821846, 0.017037034034729004, 0.0133972791954875, 0.042933594435453415]"
16.6,"[0.17984414100646973, 0.0034167615231126547, 0.2654418349266052, 0.007213554345071316, 0.017935428768396378, 0.3164665400981903, 0.08446414023637772, 0.0026416941545903683, 0.0006395491072908044, 0.04304900020360947, 0.007933606393635273, 0.017188729718327522, 0.013254181481897831, 0.04051080346107483]"
16.8,"[0.17592278122901917, 0.0031658306252211332, 0.27369701862335205, 0.007049299776554108, 0.01795441284775734, 0.3176994323730469, 0.07756470888853073, 0.0026127484161406755, 0.0006753117777407169, 0.04583441838622093, 0.008293910883367062, 0.017883043736219406, 0.01280832476913929, 0.03883880004286766]"
17.0,"[0.17566277086734772, 0.0030146148055791855, 0.2809809446334839, 0.006999396253377199, 0.017875371500849724, 0.3130950927734375, 0.07232105731964111, 0.0025929699186235666, 0.0007200492545962334, 0.04853804036974907, 0.008588382974267006, 0.018683191388845444, 0.012568872421979904, 0.03835921734571457]"
17.2,"[0.172414630651474, 0.002790400292724371, 0.28947439789772034, 0.0069566760212183, 0.017579350620508194, 0.3140553832054138, 0.06515802443027496, 0.0025694018695503473, 0.000755724438931793, 0.0510505847632885, 0.008877717889845371, 0.019188273698091507, 0.012170654721558094, 0.03695877641439438]"
17.4,"[0.17256666719913483, 0.002673603594303131, 0.2772187888622284, 0.006451420485973358, 0.016325924545526505, 0.31737491488456726, 0.06793679296970367, 0.0026666796766221523, 0.0008691760594956577, 0.05653161182999611, 0.0103060407564044, 0.01957438513636589, 0.012478755787014961, 0.03702526539564133]"
17.6,"[0.1654258668422699, 0.002801833674311638, 0.27511170506477356, 0.005715151783078909, 0.015260293148458004, 0.32458290457725525, 0.06481872498989105, 0.0028005396015942097, 0.0009766190778464079, 0.06135619059205055, 0.0118330717086792, 0.019686495885252953, 0.012759532779455185, 0.03687114268541336]"
17.8,"[0.1599629521369934, 0.0030385376885533333, 0.27427586913108826, 0.0051134247332811356, 0.014640912413597107, 0.32715293765068054, 0.062155645340681076, 0.0029433011077344418, 0.0010718345874920487, 0.06605784595012665, 0.013669971376657486, 0.019841531291604042, 0.013054443523287773, 0.037020742893218994]"
18.0,"[0.15745317935943604, 0.0029896064661443233, 0.26629218459129333, 0.004375943914055824, 0.013624653220176697, 0.3357652723789215, 0.05765395984053612, 0.002814182313159108, 0.00111673166975379, 0.07476228475570679, 0.01514290738850832, 0.020588353276252747, 0.012620193883776665, 0.034800589084625244]"
18.2,"[0.15385735034942627, 0.00321283470839262, 0.24977955222129822, 0.003732614917680621, 0.014316430315375328, 0.3382281959056854, 0.0539013110101223, 0.0024594059213995934, 0.0011632816167548299, 0.08997804671525955, 0.015483052469789982, 0.022817572578787804, 0.013378364033997059, 0.037691887468099594]"
18.4,"[0.1432269662618637, 0.0030952293891459703, 0.2415686696767807, 0.0032050004228949547, 0.01482980977743864, 0.3468204140663147, 0.045738160610198975, 0.002439228817820549, 0.0011909895110875368, 0.10208936780691147, 0.017082905396819115, 0.02350841462612152, 0.014012507162988186, 0.04119230434298515]"
18.6,"[0.13299821317195892, 0.002297342289239168, 0.23263120651245117, 0.002852429635822773, 0.013168317265808582, 0.36360225081443787, 0.038795094937086105, 0.0023309066891670227, 0.0011502886191010475, 0.11109872162342072, 0.018762394785881042, 0.023183315992355347, 0.014444975182414055, 0.04268452897667885]"
18.8,"[0.13580931723117828, 0.0019787887576967478, 0.22589871287345886, 0.002776357578113675, 0.01130655501037836, 0.3641405403614044, 0.037441469728946686, 0.002026873640716076, 0.0009957848815247416, 0.119966059923172, 0.01907859928905964, 0.02298934943974018, 0.014204367063939571, 0.041387222707271576]"
19.0,"[0.14417745172977448, 0.001842063502408564, 0.21629825234413147, 0.002780492650344968, 0.010115188546478748, 0.3522101640701294, 0.038275737315416336, 0.001794705749489367, 0.0008963802829384804, 0.13411685824394226, 0.02024950087070465, 0.02378798834979534, 0.013805174268782139, 0.03964998945593834]"
19.2,"[0.15470460057258606, 0.0017746088560670614, 0.20541612803936005, 0.002797597786411643, 0.00918581336736679, 0.3360457122325897, 0.03925062716007233, 0.0015834658406674862, 0.0008019446395337582, 0.14950470626354218, 0.022048570215702057, 0.025149177759885788, 0.013305890373885632, 0.03843103349208832]"
19.4,"[0.15320666134357452, 0.0018110403325408697, 0.21492643654346466, 0.0029164166189730167, 0.008993488736450672, 0.33084890246391296, 0.038451846688985825, 0.001542942482046783, 0.0007747758645564318, 0.14388597011566162, 0.0221870094537735, 0.027007877826690674, 0.01325197797268629, 0.04019473120570183]"
19.6,"[0.1506277173757553, 0.0017943652346730232, 0.2193174958229065, 0.003270333632826805, 0.0088236378505826, 0.32572346925735474, 0.041006654500961304, 0.0016084946691989899, 0.0008492831257171929, 0.13854987919330597, 0.0230444073677063, 0.028374025598168373, 0.013950895518064499, 0.0430593378841877]"
19.8,"[0.15168701112270355, 0.0017267671646550298, 0.21731330454349518, 0.0030815363861620426, 0.008667116984724998, 0.31885069608688354, 0.04473216086626053, 0.0014092166675254703, 0.0008716389420442283, 0.14080585539340973, 0.020088834688067436, 0.028571924194693565, 0.015109274536371231, 0.04708468168973923]"
20.0,"[0.15352490544319153, 0.0016582467360422015, 0.2142440378665924, 0.0029297401197254658, 0.008506456390023232, 0.3098178505897522, 0.048895008862018585, 0.0012120093451812863, 0.0008828510181047022, 0.14444023370742798, 0.017458053305745125, 0.02897423319518566, 0.016224917024374008, 0.05123142898082733]"
20.2,"[0.15613792836666107, 0.0014772270806133747, 0.21824902296066284, 0.0028108134865760803, 0.007566258776932955, 0.30938565731048584, 0.05244329571723938, 0.0011220320593565702, 0.0008727471577003598, 0.1417749971151352, 0.016515089198946953, 0.027705512940883636, 0.015810571610927582, 0.048128850758075714]"
20.4,"[0.1590602844953537, 0.001292189466767013, 0.22536014020442963, 0.002708454616367817, 0.0065873777493834496, 0.30810612440109253, 0.054644711315631866, 0.0010227959137409925, 0.0008701432961970568, 0.13600477576255798, 0.015252064913511276, 0.027489222586154938, 0.015583821572363377, 0.046017855405807495]"
20.6,"[0.1588403880596161, 0.0014792721485719085, 0.23468069732189178, 0.0025322572328150272, 0.006700139492750168, 0.2979028522968292, 0.058639686554670334, 0.0008864779956638813, 0.00084065948612988, 0.13581421971321106, 0.013653099536895752, 0.030088426545262337, 0.014957277104258537, 0.042984507977962494]"
20.8,"[0.15778318047523499, 0.0016866913065314293, 0.24526579678058624, 0.002354741096496582, 0.006717007607221603, 0.28738659620285034, 0.06257286667823792, 0.000770987244322896, 0.0008146650507114828, 0.1351388394832611, 0.012327629141509533, 0.03300471603870392, 0.014320789836347103, 0.039855457842350006]"
21.0,"[0.1509436070919037, 0.001767684007063508, 0.2592714726924896, 0.0021312835160642862, 0.006545485928654671, 0.2886383533477783, 0.06294738501310349, 0.0006528108497150242, 0.000756300229113549, 0.1302335113286972, 0.010594519786536694, 0.034452829509973526, 0.013963310047984123, 0.03710151091217995]"
21.2,"[0.13685929775238037, 0.0017488417215645313, 0.27547669410705566, 0.0018390559125691652, 0.0065506575629115105, 0.2954327464103699, 0.05969053506851196, 0.0006300469976849854, 0.0007405559881590307, 0.12743574380874634, 0.009668520651757717, 0.03281465545296669, 0.014268643222749233, 0.036843884736299515]"
21.4,"[0.13245032727718353, 0.0017544449074193835, 0.2770678699016571, 0.0016156401252374053, 0.006777727510780096, 0.29224205017089844, 0.056083012372255325, 0.0005788812995888293, 0.0006750912289135158, 0.13721977174282074, 0.009004751220345497, 0.03126421943306923, 0.015032252296805382, 0.03823406621813774]"
21.6,"[0.12907730042934418, 0.001686733914539218, 0.27647483348846436, 0.0013885251246392727, 0.007099251728504896, 0.2896106541156769, 0.051694948226213455, 0.0005199151346459985, 0.0006092273979447782, 0.14913630485534668, 0.00825869757682085, 0.029929926618933678, 0.0157284177839756, 0.038785263895988464]"
21.8,"[0.12280344218015671, 0.001648259931243956, 0.2830037474632263, 0.001422328525222838, 0.007337536197155714, 0.2892531156539917, 0.04749211668968201, 0.0005458929226733744, 0.0005833298782818019, 0.15222883224487305, 0.008894163183867931, 0.03003792092204094, 0.015887323766946793, 0.0388619601726532]"
22.0,"[0.12188749015331268, 0.0015424855519086123, 0.29002729058265686, 0.0014410086441785097, 0.007155812811106443, 0.2963346540927887, 0.0494491308927536, 0.0005781706422567368, 0.0005834624171257019, 0.13985827565193176, 0.009413831867277622, 0.02960706688463688, 0.015468363650143147, 0.03665294498205185]"
22.2,"[0.11931495368480682, 0.001419214066118002, 0.29877424240112305, 0.0014313370920717716, 0.0068047926761209965, 0.3035811483860016, 0.051197368651628494, 0.0006098991143517196, 0.0005880114622414112, 0.12779627740383148, 0.00971029419451952, 0.02920297160744667, 0.01494213193655014, 0.034627385437488556]"
22.4,"[0.12603402137756348, 0.0018468169728294015, 0.307716429233551, 0.0019598472863435745, 0.007600289303809404, 0.29309406876564026, 0.062397465109825134, 0.0011245133355259895, 0.0008927890448831022, 0.1055571436882019, 0.013589867390692234, 0.02598753571510315, 0.015529095195233822, 0.03667011484503746]"
22.6,"[0.13454025983810425, 0.002335007768124342, 0.30930185317993164, 0.002577291801571846, 0.008390809409320354, 0.28067752718925476, 0.07378675788640976, 0.0022267543245106936, 0.0014643680769950151, 0.08577851206064224, 0.01933686062693596, 0.021812282502651215, 0.016591466963291168, 0.04118020460009575]"
22.8,"[0.14448031783103943, 0.0031130060087889433, 0.3022617697715759, 0.0032323761843144894, 0.009611581452190876, 0.26902955770492554, 0.08197847008705139, 0.004411223344504833, 0.0023126828018575907, 0.07089319080114365, 0.027348054572939873, 0.019866708666086197, 0.01709091290831566, 0.04437004402279854]"
23.0,"[0.15226243436336517, 0.004116503521800041, 0.293264240026474, 0.0039725350216031075, 0.010918316431343555, 0.25481632351875305, 0.08956687152385712, 0.008624033071100712, 0.003621222684159875, 0.05766994133591652, 0.03816615417599678, 0.01775711216032505, 0.017547909170389175, 0.04769638925790787]"
23.2,"[0.16603638231754303, 0.004972339142113924, 0.27781036496162415, 0.0050690434873104095, 0.010902262292802334, 0.23677539825439453, 0.09957143664360046, 0.013424643315374851, 0.004895842634141445, 0.048219479620456696, 0.05046366900205612, 0.01623925380408764, 0.016191963106393814, 0.049427956342697144]"
23.4,"[0.17881539463996887, 0.00596353504806757, 0.25744345784187317, 0.006382960360497236, 0.010856498032808304, 0.2162918597459793, 0.11032230406999588, 0.020481770858168602, 0.006520070135593414, 0.040273696184158325, 0.0661090835928917, 0.014948073774576187, 0.01479328516870737, 0.050797950476408005]"
23.6,"[0.18920794129371643, 0.006973452400416136, 0.23796167969703674, 0.007897921837866306, 0.010437543503940105, 0.19575127959251404, 0.11802942305803299, 0.0307491235435009, 0.008516104891896248, 0.03266184777021408, 0.08467284590005875, 0.013335391879081726, 0.013245177455246449, 0.05056028440594673]"
23.8,"[0.18318703770637512, 0.0073379529640078545, 0.23801250755786896, 0.008794811554253101, 0.00988309271633625, 0.19227179884910583, 0.12042129039764404, 0.03802191838622093, 0.010737588629126549, 0.02817932516336441, 0.08770833909511566, 0.011889751069247723, 0.011909585446119308, 0.05164506286382675]"
24.0,"[0.17121055722236633, 0.008178027346730232, 0.2418958693742752, 0.009933186694979668, 0.010046725161373615, 0.18774159252643585, 0.10950371623039246, 0.04805593565106392, 0.013292208313941956, 0.027086026966571808, 0.09385844320058823, 0.010848759673535824, 0.011341366916894913, 0.05700759217143059]"
24.2,"[0.1787743717432022, 0.010163649916648865, 0.22321036458015442, 0.011687040328979492, 0.010556161403656006, 0.1668953150510788, 0.10492163896560669, 0.06947854906320572, 0.01726200245320797, 0.021932270377874374, 0.10524209588766098, 0.009082193486392498, 0.010676046833395958, 0.06011837720870972]"
24.4,"[0.18494704365730286, 0.010172339156270027, 0.2197907567024231, 0.01137844379991293, 0.011084010824561119, 0.1717805713415146, 0.09502459317445755, 0.07159294188022614, 0.016593584790825844, 0.022648625075817108, 0.10652537643909454, 0.00988822802901268, 0.009441959671676159, 0.059131525456905365]"
24.6,"[0.19363288581371307, 0.010049978271126747, 0.21427273750305176, 0.011071220971643925, 0.011481838300824165, 0.17673714458942413, 0.08550013601779938, 0.07366626709699631, 0.015679586678743362, 0.023505885154008865, 0.10782993584871292, 0.010872600600123405, 0.008356019854545593, 0.05734369531273842]"
24.8,"[0.20014417171478271, 0.009157299064099789, 0.21314381062984467, 0.011160089634358883, 0.01111522689461708, 0.17975881695747375, 0.08303693681955338, 0.07158602029085159, 0.015112407505512238, 0.023606568574905396, 0.10579425096511841, 0.010721192695200443, 0.007416835520416498, 0.05824636295437813]"
25.0,"[0.22607839107513428, 0.008457633666694164, 0.21213160455226898, 0.010927227325737476, 0.010990294627845287, 0.17495030164718628, 0.07729791849851608, 0.05949949845671654, 0.01438917312771082, 0.025499356910586357, 0.09870051592588425, 0.010311434045433998, 0.008020499721169472, 0.06274616718292236]"
25.2,"[0.21094705164432526, 0.008928482420742512, 0.2045106589794159, 0.013702896423637867, 0.013506997376680374, 0.17738059163093567, 0.0799139142036438, 0.06951534003019333, 0.01933743990957737, 0.02510041743516922, 0.09231357276439667, 0.013335986994206905, 0.0091122817248106, 0.06239434704184532]"
25.4,"[0.1932816058397293, 0.009322595782577991, 0.19829891622066498, 0.017128806561231613, 0.01653856597840786, 0.18059076368808746, 0.08105289936065674, 0.0803399607539177, 0.025815248489379883, 0.024644149467349052, 0.0846591517329216, 0.01708095706999302, 0.010250652208924294, 0.06099576875567436]"
25.6,"[0.16312479972839355, 0.01003057137131691, 0.18897339701652527, 0.02319810539484024, 0.021410763263702393, 0.18274687230587006, 0.07514138519763947, 0.09592708945274353, 0.03471268340945244, 0.024104442447423935, 0.08862932026386261, 0.021039804443717003, 0.011418956331908703, 0.05954186990857124]"
25.8,"[0.13797950744628906, 0.012308187782764435, 0.1472923755645752, 0.03371328115463257, 0.02677936665713787, 0.15177740156650543, 0.06948776543140411, 0.14948631823062897, 0.051178544759750366, 0.0199020653963089, 0.11623149365186691, 0.022898687049746513, 0.01125914603471756, 0.04970589280128479]"
26.0,"[0.10864783078432083, 0.014059647917747498, 0.10687392950057983, 0.04561011865735054, 0.031180301681160927, 0.11734811216592789, 0.05982039123773575, 0.21685704588890076, 0.07024242728948593, 0.015297172591090202, 0.14189986884593964, 0.023200180381536484, 0.010334658436477184, 0.03862826153635979]"
26.2,"[0.07575330138206482, 0.014191500842571259, 0.08326110988855362, 0.056800566613674164, 0.0342673696577549, 0.09622771292924881, 0.04806957766413689, 0.26462358236312866, 0.08890318125486374, 0.013372217305004597, 0.1600017249584198, 0.024709904566407204, 0.009384114295244217, 0.030434060841798782]"
26.4,"[0.05476655438542366, 0.014248015359044075, 0.0668526440858841, 0.06846338510513306, 0.03657392039895058, 0.08117265999317169, 0.04047812521457672, 0.28891298174858093, 0.11150562763214111, 0.011551559902727604, 0.16659806668758392, 0.02425486594438553, 0.009291104972362518, 0.025330444797873497]"
26.6,"[0.03686060383915901, 0.013859828002750874, 0.05276454612612724, 0.07924430817365646, 0.03653232008218765, 0.06578756123781204, 0.03357405215501785, 0.30646541714668274, 0.13489221036434174, 0.009846300818026066, 0.17662271857261658, 0.02346193604171276, 0.009135911241173744, 0.020952273160219193]"
26.8,"[0.023614849895238876, 0.013326812535524368, 0.040544793009757996, 0.09064797312021255, 0.03657352179288864, 0.0518103763461113, 0.026490498334169388, 0.3228316307067871, 0.1567857563495636, 0.008105135522782803, 0.1822015345096588, 0.022201884537935257, 0.008653549477458, 0.016211682930588722]"
27.0,"[0.01450984925031662, 0.01205024216324091, 0.027780339121818542, 0.0945742204785347, 0.03510034456849098, 0.037955090403556824, 0.019788092002272606, 0.372760534286499, 0.14479827880859375, 0.0056737614795565605, 0.1967177391052246, 0.019259318709373474, 0.00664702570065856, 0.012385223992168903]"
27.2,"[0.012413932010531425, 0.012847214937210083, 0.020887501537799835, 0.09944449365139008, 0.03170962631702423, 0.02664371207356453, 0.016894998028874397, 0.3919579088687897, 0.12001093477010727, 0.004192816559225321, 0.23474815487861633, 0.014249201864004135, 0.004983472637832165, 0.009016006253659725]"
27.4,"[0.010480863973498344, 0.01339683961123228, 0.015426301397383213, 0.10000796616077423, 0.02738291397690773, 0.01825077272951603, 0.014019002206623554, 0.4014223515987396, 0.09765474498271942, 0.003043277421966195, 0.2786870300769806, 0.009965412318706512, 0.0036973159294575453, 0.00656520901247859]"
27.6,"[0.010046172887086868, 0.013913456350564957, 0.012016970664262772, 0.09779728949069977, 0.023394450545310974, 0.013247387483716011, 0.013684776611626148, 0.4143514037132263, 0.08308689296245575, 0.0023532130289822817, 0.300314724445343, 0.007799942046403885, 0.0028967782855033875, 0.0050965407863259315]"
27.8,"[0.01032138429582119, 0.013940349221229553, 0.011612698435783386, 0.09117434918880463, 0.024909617379307747, 0.013143707066774368, 0.014055403880774975, 0.39883533120155334, 0.06961748003959656, 0.002532751765102148, 0.33184874057769775, 0.008110753260552883, 0.0032556785736232996, 0.006641666404902935]"
28.0,"[0.010637253522872925, 0.01399189792573452, 0.011177117004990578, 0.08570124208927155, 0.026215264573693275, 0.01287346612662077, 0.014399233274161816, 0.3785584568977356, 0.057986851781606674, 0.0027215713635087013, 0.3650224208831787, 0.008414551615715027, 0.0036305475514382124, 0.008670147508382797]"
28.2,"[0.009212284348905087, 0.012295497581362724, 0.009133530780673027, 0.07611925899982452, 0.02171512134373188, 0.011469378136098385, 0.013474763371050358, 0.38525712490081787, 0.04711781069636345, 0.002307809190824628, 0.39372336864471436, 0.006994904950261116, 0.0032248797360807657, 0.007954283617436886]"
28.4,"[0.007966228760778904, 0.010586211457848549, 0.007301797159016132, 0.06684621423482895, 0.017623959109187126, 0.009985397569835186, 0.012443135492503643, 0.3887382447719574, 0.03752489387989044, 0.001892888336442411, 0.4234452247619629, 0.00571109913289547, 0.0028392269741743803, 0.007095539942383766]"
28.6,"[0.007192996330559254, 0.009632887318730354, 0.005492528900504112, 0.057479169219732285, 0.016131393611431122, 0.007962418720126152, 0.010305017232894897, 0.3796446621417999, 0.029725803062319756, 0.0015037448611110449, 0.4612289071083069, 0.004120901692658663, 0.0024523274041712284, 0.0071272458881139755]"
28.8,"[0.00671238312497735, 0.008837800472974777, 0.004087754059582949, 0.05014510080218315, 0.014838146045804024, 0.006360043305903673, 0.008627073839306831, 0.3681086599826813, 0.02352270483970642, 0.0012345685390755534, 0.4948466718196869, 0.002917667618021369, 0.0021811253391206264, 0.007580231409519911]"
29.0,"[0.006773738190531731, 0.007548389956355095, 0.0034708355087786913, 0.04714468494057655, 0.01378390472382307, 0.005855410359799862, 0.008322171866893768, 0.33831214904785156, 0.02288026735186577, 0.0012910927180200815, 0.5318363308906555, 0.00242705293931067, 0.0021978088188916445, 0.008156176656484604]"
29.2,"[0.006845323834568262, 0.005982005037367344, 0.0034027148503810167, 0.040940750390291214, 0.01373760774731636, 0.0066323429346084595, 0.007588671986013651, 0.30130746960639954, 0.02114091068506241, 0.001580872223712504, 0.574395477771759, 0.002624147105962038, 0.0024922573938965797, 0.011329411529004574]"
29.4,"[0.006931129842996597, 0.004790878854691982, 0.0033343778923153877, 0.03591131418943405, 0.013986270874738693, 0.007489833049476147, 0.007096393499523401, 0.267586350440979, 0.01917000487446785, 0.0019377614371478558, 0.6105106472969055, 0.002915890421718359, 0.002826427109539509, 0.015512731857597828]"
29.6,"[0.0065161483362317085, 0.0035984802525490522, 0.0031957579776644707, 0.029540766030550003, 0.014387830160558224, 0.008428048342466354, 0.00600844994187355, 0.24025657773017883, 0.017914073541760445, 0.0023145556915551424, 0.6398414373397827, 0.002918242709711194, 0.003373534884303808, 0.021706070750951767]"
29.8,"[0.006516512483358383, 0.002823787508532405, 0.0029278029687702656, 0.027609655633568764, 0.012883002869784832, 0.008156274445354939, 0.0053454129956662655, 0.21801058948040009, 0.01643276959657669, 0.0023082790430635214, 0.669847309589386, 0.002625522203743458, 0.003249933011829853, 0.021263273432850838]"
30.0,"[0.00667818496003747, 0.0021674453746527433, 0.002637669909745455, 0.024950627237558365, 0.011544129811227322, 0.007825550623238087, 0.005007721949368715, 0.19336901605129242, 0.01443712878972292, 0.002260012086480856, 0.7040988206863403, 0.0022640451788902283, 0.0030663965735584497, 0.019693221896886826]"
30.2,"[0.007711907848715782, 0.0017976685194298625, 0.0026818655896931887, 0.02320997789502144, 0.012451688759028912, 0.007868445478379726, 0.004877598024904728, 0.15662258863449097, 0.01272745244204998, 0.0026863000821322203, 0.7367039918899536, 0.002341615501791239, 0.003402002388611436, 0.024916835129261017]"
30.4,"[0.008762605488300323, 0.0014997427351772785, 0.0027310207951813936, 0.02120029367506504, 0.013514184392988682, 0.007989582605659962, 0.004726764280349016, 0.12583337724208832, 0.011136551387608051, 0.003240998601540923, 0.7613519430160522, 0.0024494773242622614, 0.003793994663283229, 0.031769394874572754]"
30.6,"[0.009200641885399818, 0.0012576576555147767, 0.002687316620722413, 0.021404678001999855, 0.013815289363265038, 0.008472424000501633, 0.004363655112683773, 0.1043560579419136, 0.009645371697843075, 0.003899156581610441, 0.7770634293556213, 0.002610380994156003, 0.0040046111680567265, 0.037219271063804626]"
30.8,"[0.009114574640989304, 0.0009853565134108067, 0.0025499805342406034, 0.020433373749256134, 0.01323340367525816, 0.008617744781076908, 0.003821685677394271, 0.08592135459184647, 0.008081224747002125, 0.004434520844370127, 0.795616865158081, 0.0027804840356111526, 0.0040822261944413185, 0.04032713919878006]"
31.0,"[0.008542891591787338, 0.0008609364158473909, 0.0023995430674403906, 0.02059181034564972, 0.01170989591628313, 0.008156267926096916, 0.003316229907795787, 0.07947945594787598, 0.00672100018709898, 0.0042278096079826355, 0.8094767928123474, 0.0029191102366894484, 0.0029989725444465876, 0.038599271327257156]"
31.2,"[0.008352749980986118, 0.000852556258905679, 0.002419203519821167, 0.022460469976067543, 0.011463693343102932, 0.008120100013911724, 0.002932145493105054, 0.0796424001455307, 0.006658653263002634, 0.00405710656195879, 0.8100412487983704, 0.0028712963685393333, 0.002690049121156335, 0.03743835538625717]"
31.4,"[0.007981118746101856, 0.0008219049195758998, 0.0023793543223291636, 0.024196695536375046, 0.01109663862735033, 0.008030957542359829, 0.002480624709278345, 0.08069656789302826, 0.006651744246482849, 0.0038092094473540783, 0.8114418387413025, 0.0027956082485616207, 0.0023198684211820364, 0.03529784828424454]"
31.6,"[0.008181320503354073, 0.0008635046542622149, 0.0024329896550625563, 0.027958717197179794, 0.010627565905451775, 0.007926682010293007, 0.0023589404299855232, 0.07936809957027435, 0.006313894409686327, 0.003709708573296666, 0.8124701380729675, 0.002973478054627776, 0.0019505269592627883, 0.03286442905664444]"
31.8,"[0.007765769027173519, 0.0007944222306832671, 0.0021499227732419968, 0.026372654363512993, 0.009071985259652138, 0.006867589429020882, 0.001900988630950451, 0.08141965419054031, 0.006357596721500158, 0.0033626246731728315, 0.8207158446311951, 0.0025237996596843004, 0.0016054282896220684, 0.02909173257648945]"
32.0,"[0.009036381728947163, 0.0008603063761256635, 0.002350139431655407, 0.032232027500867844, 0.009399370290338993, 0.007647951599210501, 0.0019557555206120014, 0.08089751750230789, 0.006431078538298607, 0.0038729426451027393, 0.8087648153305054, 0.0027416928205639124, 0.0015822678105905652, 0.03222780302166939]"
32.2,"[0.010579881258308887, 0.0009487805073149502, 0.002557545667514205, 0.03952845558524132, 0.009927927516400814, 0.008500455878674984, 0.0020657123532146215, 0.08037680387496948, 0.006479262840002775, 0.0044631087221205235, 0.7942853569984436, 0.003003415884450078, 0.0016089478740468621, 0.0356743261218071]"
32.4,"[0.010874100029468536, 0.0010891976999118924, 0.002853461541235447, 0.04977438971400261, 0.009711927734315395, 0.009171104058623314, 0.0021313815377652645, 0.08617059141397476, 0.0069419341161847115, 0.005073991138488054, 0.7722387313842773, 0.00316012860275805, 0.0016473692376166582, 0.03916170075535774]"
32.6,"[0.012421599589288235, 0.0012263583485037088, 0.0036176072899252176, 0.06090087071061134, 0.009766976349055767, 0.010942376218736172, 0.0025995837058871984, 0.09407848119735718, 0.007901953533291817, 0.006212618201971054, 0.7419642806053162, 0.0037059050519019365, 0.0018611629493534565, 0.042800236493349075]"
32.8,"[0.013453503139317036, 0.0015241156797856092, 0.004384228028357029, 0.06357763707637787, 0.011676800437271595, 0.013412735424935818, 0.002800652291625738, 0.09288563579320908, 0.008164712227880955, 0.007252827752381563, 0.7310472726821899, 0.004202010575681925, 0.002239917404949665, 0.04337795451283455]"
33.0,"[0.013806384056806564, 0.0018650050042197108, 0.005239992402493954, 0.06773263216018677, 0.015287835150957108, 0.017190590500831604, 0.0029277729336172342, 0.09043483436107635, 0.008624070324003696, 0.008629887364804745, 0.7135413885116577, 0.004697905387729406, 0.003262487007305026, 0.04675927385687828]"
33.2,"[0.014039775356650352, 0.0024750540032982826, 0.00581701286137104, 0.06142039597034454, 0.019117729738354683, 0.019212258979678154, 0.0035930301528424025, 0.08330774307250977, 0.008831311948597431, 0.01043532881885767, 0.7098893523216248, 0.004869572818279266, 0.004376246593892574, 0.052615270018577576]"
33.4,"[0.014337618835270405, 0.003310534870252013, 0.006592113059014082, 0.055673547089099884, 0.024238914251327515, 0.021823735907673836, 0.004449748434126377, 0.07669086754322052, 0.009184865280985832, 0.01271424163132906, 0.7001465559005737, 0.005125975701957941, 0.0060121407732367516, 0.05969918891787529]"
33.6,"[0.023547200486063957, 0.005928462371230125, 0.012095549143850803, 0.06235482171177864, 0.03423626720905304, 0.032804351300001144, 0.0076413461938500404, 0.06681893020868301, 0.008228507824242115, 0.02132970653474331, 0.6307764649391174, 0.0067327809520065784, 0.009512199088931084, 0.07799344509840012]"
33.8,"[0.03805093839764595, 0.011165739968419075, 0.023311328142881393, 0.0779094323515892, 0.05007107928395271, 0.05110575258731842, 0.014026097021996975, 0.05248677730560303, 0.006469962652772665, 0.035092536360025406, 0.5170881152153015, 0.010009882971644402, 0.014230365864932537, 0.09898190945386887]"
34.0,"[0.05569235235452652, 0.018054066225886345, 0.03995482623577118, 0.07834427803754807, 0.06099740043282509, 0.07280056178569794, 0.022622741758823395, 0.04133964329957962, 0.005900625605136156, 0.04958205297589302, 0.41044995188713074, 0.015622477978467941, 0.019381118938326836, 0.10925789922475815]"
34.2,"[0.07599382847547531, 0.0270571056753397, 0.06343451887369156, 0.0740179792046547, 0.06902691721916199, 0.09682530164718628, 0.033517852425575256, 0.03025905229151249, 0.0049607534892857075, 0.06472958624362946, 0.3018447160720825, 0.022335847839713097, 0.024557828903198242, 0.11143872886896133]"
34.4,"[0.10966678708791733, 0.036135006695985794, 0.08116171509027481, 0.0630374476313591, 0.08174306899309158, 0.11551069468259811, 0.04365050420165062, 0.01909748651087284, 0.0033620463218539953, 0.07190551608800888, 0.1957254856824875, 0.026928400620818138, 0.028443410992622375, 0.12363237887620926]"
34.6,"[0.15990696847438812, 0.0420168861746788, 0.10754483193159103, 0.04801207035779953, 0.07912304252386093, 0.13357144594192505, 0.06075812131166458, 0.010818355716764927, 0.002292125951498747, 0.07719644159078598, 0.11067332327365875, 0.0352424681186676, 0.0272771418094635, 0.10556678473949432]"
34.8,"[0.22136321663856506, 0.040148328989744186, 0.13229116797447205, 0.037740275263786316, 0.05888798460364342, 0.1341889202594757, 0.08586964011192322, 0.006034709978848696, 0.001533582340925932, 0.07695264369249344, 0.05469408258795738, 0.042105525732040405, 0.021630525588989258, 0.08655936270952225]"
35.0,"[0.27982547879219055, 0.03646667301654816, 0.15079361200332642, 0.02696487493813038, 0.040273189544677734, 0.12485958635807037, 0.11182573437690735, 0.0031508314423263073, 0.0009749841992743313, 0.07183586806058884, 0.025051113218069077, 0.045691292732954025, 0.01627531088888645, 0.0660114586353302]"
35.2,"[0.33733606338500977, 0.027149220928549767, 0.15527236461639404, 0.022228950634598732, 0.02953459694981575, 0.12010613828897476, 0.114498570561409, 0.001929844031110406, 0.0006219384376890957, 0.06771091371774673, 0.013246533460915089, 0.044664978981018066, 0.012187442742288113, 0.053512487560510635]"
35.4,"[0.3842426538467407, 0.02223322167992592, 0.16273938119411469, 0.018732117488980293, 0.02142314799129963, 0.11659979075193405, 0.10958948731422424, 0.0010882253991439939, 0.0003698135260492563, 0.06065037101507187, 0.00772883603349328, 0.03947011008858681, 0.009891130961477757, 0.04524173215031624]"
35.6,"[0.4010127782821655, 0.019620602950453758, 0.1499243527650833, 0.01811540313065052, 0.020245419815182686, 0.12372588366270065, 0.10586338490247726, 0.0009545189095661044, 0.00037604590761475265, 0.05534445866942406, 0.0072464910335838795, 0.039786092936992645, 0.009920209646224976, 0.04786430671811104]"
35.8,"[0.4254096746444702, 0.020100761204957962, 0.13034455478191376, 0.017754873260855675, 0.019587084650993347, 0.12026066333055496, 0.11445564776659012, 0.0009019243880175054, 0.0003736373037099838, 0.04985404014587402, 0.006789723876863718, 0.03768553212285042, 0.008891517296433449, 0.04759054630994797]"
36.0,"[0.44110748171806335, 0.022363347932696342, 0.12094078212976456, 0.018255913630127907, 0.021448355168104172, 0.118301622569561, 0.11296101659536362, 0.000981160905212164, 0.00038830802077427506, 0.046473391354084015, 0.007292433176189661, 0.0316697396337986, 0.008562080562114716, 0.049254436045885086]"
36.2,"[0.4498295187950134, 0.023599114269018173, 0.11182186007499695, 0.018156975507736206, 0.02306363359093666, 0.11891421675682068, 0.11259818077087402, 0.0010333943646401167, 0.0004090573638677597, 0.04560898244380951, 0.007646802347153425, 0.026389751583337784, 0.00832426082342863, 0.05260429158806801]"
36.4,"[0.44865986704826355, 0.02408175729215145, 0.11331557482481003, 0.019227705895900726, 0.021845925599336624, 0.12043400853872299, 0.11920835822820663, 0.0010469211265444756, 0.00041874407907016575, 0.04595142975449562, 0.008290676400065422, 0.02555323950946331, 0.007269049063324928, 0.04469671845436096]"
36.6,"[0.43510523438453674, 0.028218254446983337, 0.10924037545919418, 0.02281217649579048, 0.02492373250424862, 0.12296438962221146, 0.11882393807172775, 0.0011952449567615986, 0.00042970868526026607, 0.04653414338827133, 0.010301533155143261, 0.022753583267331123, 0.007452814839780331, 0.04924483597278595]"
36.8,"[0.41930314898490906, 0.033149801194667816, 0.10525227338075638, 0.027058592066168785, 0.028287850320339203, 0.12517189979553223, 0.11774341762065887, 0.00135432044044137, 0.00044388906098902225, 0.04718834161758423, 0.01253743376582861, 0.020120639353990555, 0.007699510082602501, 0.054688990116119385]"
37.0,"[0.4079633951187134, 0.0347973071038723, 0.10748863965272903, 0.03298640623688698, 0.030339932069182396, 0.1271621733903885, 0.11707167327404022, 0.001438068225979805, 0.0004678565601352602, 0.04503877833485603, 0.012392723932862282, 0.017232827842235565, 0.0071081300266087055, 0.05851208418607712]"
37.2,"[0.40281492471694946, 0.03771306574344635, 0.11609973013401031, 0.0366399809718132, 0.02900770679116249, 0.1273617297410965, 0.12277349084615707, 0.0012828133767470717, 0.00044015978346578777, 0.040371693670749664, 0.010541975498199463, 0.015386836603283882, 0.006033007986843586, 0.0535329207777977]"
37.4,"[0.41144272685050964, 0.03324500098824501, 0.12132605165243149, 0.035213325172662735, 0.024410726502537727, 0.126595139503479, 0.13280004262924194, 0.0012095326092094183, 0.0003899746807292104, 0.03947591409087181, 0.008607900701463223, 0.014636699110269547, 0.005294684786349535, 0.04535229504108429]"
37.6,"[0.4146760106086731, 0.028961138799786568, 0.12568031251430511, 0.033434316515922546, 0.020524734631180763, 0.12632285058498383, 0.14496317505836487, 0.0011590435169637203, 0.00035525343264453113, 0.0390772670507431, 0.00697270967066288, 0.013914104551076889, 0.004649353213608265, 0.03930966556072235]"
37.8,"[0.43754416704177856, 0.023088956251740456, 0.13896875083446503, 0.027149656787514687, 0.01578640006482601, 0.12430723756551743, 0.1396019607782364, 0.0010875366861000657, 0.00038242811569944024, 0.036097168922424316, 0.005270194727927446, 0.013046389445662498, 0.0045455885119736195, 0.03312353417277336]"
38.0,"[0.4344136416912079, 0.018703829497098923, 0.15137803554534912, 0.026450205594301224, 0.01179446093738079, 0.12268494069576263, 0.1487426906824112, 0.0011071204207837582, 0.0003874113317579031, 0.0353151336312294, 0.004380559083074331, 0.012801301665604115, 0.004317278508096933, 0.02752346359193325]"
38.2,"[0.43738436698913574, 0.015507668256759644, 0.16366936266422272, 0.026082223281264305, 0.008687456138432026, 0.11704404652118683, 0.15483982861042023, 0.0011311887064948678, 0.0003768265014514327, 0.03289926424622536, 0.0036725352983921766, 0.01259432639926672, 0.003932262305170298, 0.0221786480396986]"
38.4,"[0.43629467487335205, 0.012854899279773235, 0.17627869546413422, 0.023759689182043076, 0.006719497032463551, 0.11400140821933746, 0.15911048650741577, 0.0011606563348323107, 0.000399747455958277, 0.03201589360833168, 0.0030616149306297302, 0.011713676154613495, 0.003843440907076001, 0.01878558285534382]"
38.6,"[0.4225810468196869, 0.009822260588407516, 0.19724926352500916, 0.019712602719664574, 0.006039098370820284, 0.1201593279838562, 0.15644781291484833, 0.001416927669197321, 0.0005018965457566082, 0.029622016474604607, 0.0029499290976673365, 0.010834832675755024, 0.00425890926271677, 0.018404072150588036]"
38.8,"[0.4049661457538605, 0.007925121113657951, 0.22029031813144684, 0.016734473407268524, 0.005559935234487057, 0.12550681829452515, 0.15373069047927856, 0.0017373147420585155, 0.0006199367926456034, 0.027338773012161255, 0.002905989997088909, 0.010038428008556366, 0.004675126168876886, 0.017970914021134377]"
39.0,"[0.38540586829185486, 0.007529070135205984, 0.2419927418231964, 0.01506829634308815, 0.005431495141237974, 0.13097582757472992, 0.14620640873908997, 0.002703822450712323, 0.00089616933837533, 0.02685430459678173, 0.003957310225814581, 0.009249255061149597, 0.005514335352927446, 0.018215157091617584]"
39.2,"[0.36687007546424866, 0.007086236495524645, 0.2617204487323761, 0.013458933681249619, 0.0052155605517327785, 0.13554885983467102, 0.1389232724905014, 0.004124895669519901, 0.00128934346139431, 0.02654934860765934, 0.005325541365891695, 0.008390534669160843, 0.006649693474173546, 0.018847256898880005]"
39.4,"[0.3485089838504791, 0.006268263794481754, 0.27638593316078186, 0.012674511410295963, 0.005331833381205797, 0.14121057093143463, 0.13356879353523254, 0.004936336539685726, 0.0018273376626893878, 0.02694857493042946, 0.006526423618197441, 0.00841693114489317, 0.0067217410542070866, 0.020673787221312523]"
39.6,"[0.3346165418624878, 0.005751882679760456, 0.28960636258125305, 0.012094518169760704, 0.005518201272934675, 0.14467084407806396, 0.12746508419513702, 0.006018216721713543, 0.002456687856465578, 0.026331182569265366, 0.008293399587273598, 0.008405446074903011, 0.006799398921430111, 0.02197221666574478]"
39.8,"[0.29111525416374207, 0.005210839211940765, 0.29983580112457275, 0.014009163714945316, 0.006403436418622732, 0.1634202003479004, 0.12700140476226807, 0.007735348306596279, 0.0030405980069190264, 0.027639033272862434, 0.012237499468028545, 0.00936571229249239, 0.00759792560711503, 0.0253878366202116]"
40.0,"[0.26822224259376526, 0.004803008399903774, 0.30463454127311707, 0.014098629355430603, 0.007513555698096752, 0.17576704919338226, 0.11821288615465164, 0.009453321807086468, 0.0038312883116304874, 0.027513891458511353, 0.01686757616698742, 0.009725796990096569, 0.008536826819181442, 0.030819401144981384]"
40.2,"[0.24220122396945953, 0.0044469707645475864, 0.3089620769023895, 0.014129658229649067, 0.008889538235962391, 0.18901541829109192, 0.10897451639175415, 0.011552859097719193, 0.004865133203566074, 0.0271389689296484, 0.02311895787715912, 0.010023411363363266, 0.009663429111242294, 0.03701791167259216]"
40.4,"[0.20842009782791138, 0.004031218588352203, 0.3250856101512909, 0.013514730148017406, 0.010063700377941132, 0.1999119520187378, 0.1014610156416893, 0.01266147755086422, 0.00563587062060833, 0.02767394483089447, 0.028310421854257584, 0.010025160387158394, 0.009957014583051205, 0.04324783757328987]"
40.6,"[0.19799989461898804, 0.003876045346260071, 0.332726389169693, 0.014548540115356445, 0.00942443311214447, 0.20505903661251068, 0.09959790110588074, 0.011534206569194794, 0.005609375890344381, 0.02851690724492073, 0.03013068251311779, 0.010651656426489353, 0.009143869392573833, 0.04118096083402634]"
40.8,"[0.1891079992055893, 0.0035290978848934174, 0.33850982785224915, 0.015443265438079834, 0.00866228062659502, 0.21113498508930206, 0.09756960719823837, 0.010379210114479065, 0.005688897334039211, 0.029690630733966827, 0.031324997544288635, 0.011093491688370705, 0.00854075513780117, 0.03932497650384903]"
41.0,"[0.1847253441810608, 0.0033202175982296467, 0.33777564764022827, 0.015317227691411972, 0.00821535661816597, 0.2131718397140503, 0.10160783678293228, 0.007992839440703392, 0.004677555523812771, 0.0312591977417469, 0.030032668262720108, 0.011920317076146603, 0.008265080861747265, 0.04171891137957573]"
41.2,"[0.1787041276693344, 0.0031274512875825167, 0.3389861583709717, 0.015013501979410648, 0.007791589479893446, 0.21451397240161896, 0.10596965253353119, 0.0062821609899401665, 0.00388118764385581, 0.032494377344846725, 0.029117833822965622, 0.012899978086352348, 0.007907054387032986, 0.04331094026565552]"
41.4,"[0.17406071722507477, 0.003416698891669512, 0.3455790579319, 0.015863552689552307, 0.0077028293162584305, 0.2077106088399887, 0.11284616589546204, 0.0062212529592216015, 0.003575667040422559, 0.03096659854054451, 0.028363043442368507, 0.012657840736210346, 0.00784230511635542, 0.043193571269512177]"
41.6,"[0.18275554478168488, 0.003929839003831148, 0.3214734196662903, 0.019986681640148163, 0.00842832587659359, 0.18606670200824738, 0.1210177019238472, 0.00988489855080843, 0.004690708592534065, 0.031014561653137207, 0.0377570204436779, 0.01334020122885704, 0.008996320888400078, 0.05065806582570076]"
41.8,"[0.19614571332931519, 0.004256809130311012, 0.2989546060562134, 0.02343035861849785, 0.008670727722346783, 0.16463518142700195, 0.12503132224082947, 0.013996478170156479, 0.0057174768298864365, 0.03095836751163006, 0.046100880950689316, 0.013414010405540466, 0.009338302537798882, 0.05934973061084747]"
42.0,"[0.2111913412809372, 0.0045925164595246315, 0.2708863914012909, 0.027635719627141953, 0.009101592004299164, 0.1454107016324997, 0.1269296556711197, 0.019400008022785187, 0.0068360730074346066, 0.031153159216046333, 0.05461202561855316, 0.013437403365969658, 0.00974251702427864, 0.06907090544700623]"
42.2,"[0.22225897014141083, 0.00489557022228837, 0.24367238581180573, 0.032672200351953506, 0.009388084523379803, 0.12751390039920807, 0.1263716071844101, 0.02676624059677124, 0.008035155944526196, 0.031018022447824478, 0.06477666646242142, 0.013243095949292183, 0.009925147518515587, 0.07946297526359558]"
42.4,"[0.23930251598358154, 0.005454490426927805, 0.20807942748069763, 0.04566843435168266, 0.010274358093738556, 0.11496632546186447, 0.12196841090917587, 0.03714144602417946, 0.01019438449293375, 0.02659662999212742, 0.08434171974658966, 0.013430338352918625, 0.008643084205687046, 0.07393848896026611]"
42.6,"[0.21759234368801117, 0.006479918956756592, 0.16725432872772217, 0.06132229045033455, 0.012656590901315212, 0.10055261850357056, 0.11937236040830612, 0.056879088282585144, 0.014563663862645626, 0.025091754272580147, 0.12366880476474762, 0.012569482438266277, 0.008309523575007915, 0.07368718087673187]"
42.8,"[0.19247747957706451, 0.007250961847603321, 0.12996762990951538, 0.07718168944120407, 0.014356832951307297, 0.08369585871696472, 0.1125081479549408, 0.081342913210392, 0.019310852512717247, 0.02250782772898674, 0.17132996022701263, 0.011407820507884026, 0.0075422627851367, 0.0691198781132698]"
43.0,"[0.16222737729549408, 0.007227960973978043, 0.09594928473234177, 0.09261904656887054, 0.015361923724412918, 0.06938688457012177, 0.10031577944755554, 0.1117965504527092, 0.0255105122923851, 0.01932552270591259, 0.2272489368915558, 0.010185840539634228, 0.006630924995988607, 0.05621347948908806]"
43.2,"[0.13093169033527374, 0.006909243296831846, 0.05900928005576134, 0.11155099421739578, 0.015796761959791183, 0.0480501651763916, 0.08130605518817902, 0.14440679550170898, 0.030811550095677376, 0.014931471087038517, 0.2976669669151306, 0.007767179980874062, 0.005041546653956175, 0.045820433646440506]"
43.4,"[0.09826559573411942, 0.0062533109448850155, 0.03400333970785141, 0.12482403218746185, 0.015389190055429935, 0.031233884394168854, 0.06096816435456276, 0.17468629777431488, 0.035072747617959976, 0.01078831683844328, 0.36466947197914124, 0.005649007856845856, 0.0035778582096099854, 0.034618817269802094]"
43.6,"[0.08449908345937729, 0.006556297652423382, 0.027349596843123436, 0.1419803351163864, 0.016658063977956772, 0.02764185704290867, 0.05625816062092781, 0.160749614238739, 0.035787615925073624, 0.009396401233971119, 0.397512823343277, 0.004898814018815756, 0.0027803792618215084, 0.02793104201555252]"
43.8,"[0.06516805291175842, 0.006033661775290966, 0.01934509538114071, 0.14978446066379547, 0.016749106347560883, 0.023054003715515137, 0.044321607798337936, 0.14985261857509613, 0.033522069454193115, 0.008228689432144165, 0.4549131691455841, 0.004032771568745375, 0.0020751901902258396, 0.022919507697224617]"
44.0,"[0.04778388515114784, 0.005290559027343988, 0.013385739177465439, 0.15006408095359802, 0.01577809266746044, 0.018488900735974312, 0.03376937657594681, 0.1367609053850174, 0.030346304178237915, 0.006783804856240749, 0.5188178420066833, 0.003184822155162692, 0.0014769028639420867, 0.018068784847855568]"
44.2,"[0.03849019855260849, 0.005008368752896786, 0.010303839109838009, 0.16004009544849396, 0.016702737659215927, 0.016815122216939926, 0.028281517326831818, 0.12863291800022125, 0.031815897673368454, 0.006741219665855169, 0.5367943644523621, 0.00246872054412961, 0.001215627184137702, 0.016689453274011612]"
44.4,"[0.030881604179739952, 0.004618884529918432, 0.007953480817377567, 0.15377110242843628, 0.01718781143426895, 0.014633473940193653, 0.02406700700521469, 0.13145090639591217, 0.03339026868343353, 0.007387984078377485, 0.5523822903633118, 0.0019019603496417403, 0.0012559446040540934, 0.019117316231131554]"
44.6,"[0.027331147342920303, 0.0043159243650734425, 0.006819103844463825, 0.1449011117219925, 0.017123322933912277, 0.0130078149959445, 0.019942181184887886, 0.12268140912055969, 0.029946541413664818, 0.008056432008743286, 0.5809849500656128, 0.0015818590763956308, 0.0012574221473187208, 0.02205078676342964]"
44.8,"[0.023112179711461067, 0.00394884729757905, 0.005598381627351046, 0.13382552564144135, 0.016757886856794357, 0.011170233599841595, 0.01600518263876438, 0.11556332558393478, 0.026666147634387016, 0.008544755168259144, 0.6107611060142517, 0.0013012841809540987, 0.001233553048223257, 0.02551160752773285]"
45.0,"[0.018870845437049866, 0.003477554302662611, 0.004388599190860987, 0.12090709805488586, 0.01558802928775549, 0.009490595199167728, 0.012965061701834202, 0.11353272199630737, 0.023555895313620567, 0.008620234206318855, 0.6393399238586426, 0.001031541614793241, 0.0010913839796558022, 0.027140438556671143]"
45.2,"[0.017741061747074127, 0.003186154179275036, 0.004414853174239397, 0.12029575556516647, 0.015467854216694832, 0.009942617267370224, 0.012325488030910492, 0.1095939576625824, 0.022504769265651703, 0.010022825561463833, 0.6429429650306702, 0.0011342006037011743, 0.0011802084045484662, 0.029247291386127472]"
45.4,"[0.01942158117890358, 0.0029582970310002565, 0.0057953717187047005, 0.11516858637332916, 0.015905583277344704, 0.012742506340146065, 0.014004274271428585, 0.11313382536172867, 0.022898247465491295, 0.01265784166753292, 0.6264895796775818, 0.0014484117273241282, 0.0015179116744548082, 0.035858094692230225]"
45.6,"[0.021402904763817787, 0.002783436793833971, 0.007674172054976225, 0.11243972927331924, 0.01628435030579567, 0.01611611247062683, 0.016046661883592606, 0.11418382823467255, 0.023436015471816063, 0.016072368249297142, 0.6050589680671692, 0.0018275082111358643, 0.0019524465315043926, 0.04472145810723305]"
45.8,"[0.028242655098438263, 0.0032515530474483967, 0.011354249902069569, 0.12337423861026764, 0.0178336463868618, 0.021534297615289688, 0.021497121080756187, 0.12162528187036514, 0.0269954651594162, 0.018483484163880348, 0.5497204661369324, 0.0023320598993450403, 0.00242289318703115, 0.05133260414004326]"
46.0,"[0.039168309420347214, 0.003736302722245455, 0.016975106671452522, 0.12684795260429382, 0.019217373803257942, 0.028471777215600014, 0.02881520427763462, 0.12822943925857544, 0.030156539753079414, 0.02116953395307064, 0.4930652678012848, 0.0029408272821456194, 0.0030207594390958548, 0.05818556994199753]"
46.2,"[0.04897641763091087, 0.0038493352476507425, 0.022678202018141747, 0.12190461903810501, 0.018987342715263367, 0.03464652970433235, 0.03497743979096413, 0.12939347326755524, 0.028438689187169075, 0.02054426074028015, 0.47210046648979187, 0.0038780353497713804, 0.003455725032836199, 0.05616941303014755]"
